,id
0,6yk1
1,7s76
2,6pam
3,6ey2
4,4oyj
5,2i2w
6,6ize
7,5na2
8,1yp2
9,3hpk
10,2p2c
11,1rcx
12,2w4r
13,1rco
14,2bvh
15,5eqc
16,2y70
17,3js3
18,7d7l
19,6yk0
20,2ehh
21,3o4x
22,7l9y
23,4ypi
24,6sie
25,7ep6
26,6dhy
27,5x3r
28,4kbp
29,2ofj
30,5h58
31,1s28
32,4pxi
33,5vr2
34,3ney
35,5d55
36,7kk3
37,4ds7
38,6w0k
39,4q3d
40,7s6p
41,7ql7
42,5n76
43,2nod
44,1k4z
45,4jeb
46,4tmz
47,5naf
48,7cd4
49,3feq
50,2ek1
51,2pqf
52,1gn2
53,6i68
54,1o9y
55,7nt4
56,5opx
57,6q3w
58,6zz8
59,5a3f
60,1zb7
61,6fqx
62,4gt4
63,7pjd
64,5dws
65,4e9m
66,6vzp
67,1d2q
68,4bgg
69,4u33
70,4por
71,4drw
72,2wvw
73,7d8s
74,2rif
75,4cvy
76,5ll1
77,7dcd
78,4q3a
79,7d7k
80,7su2
81,5iio
82,1rbl
83,3cb4
84,6k5e
85,4auv
86,7cfo
87,4x8y
88,6we2
89,5lbm
90,6i5p
91,1qgt
92,1o9k
93,4kyi
94,4pos
95,3kxs
96,1t9k
97,1jdz
98,6jjx
99,2hmz
100,5f5p
101,4poq
102,2j41
103,7kk5
104,3kvz
105,7ywd
106,2ek6
107,5e0i
108,1pbz
109,7cd3
110,4z88
111,3axm
112,1rbo
113,2bzy
114,4z89
115,4ova
116,5g30
117,3vuq
118,3mbo
119,3t8i
120,4dhl
121,2i22
122,7cd2
123,4q3c
124,1upm
125,4qig
126,1yde
127,6iak
128,3kz9
129,6sp4
130,5zqu
131,5csr
132,1jdv
133,6srg
134,4n1b
135,3wir
136,1ztg
137,2fxo
138,2opz
139,1v7l
140,6i7a
141,7z3h
142,2b5f
143,4czu
144,7oew
145,6yrl
146,3mli
147,6e7m
148,5lyh
149,4czt
150,4hhz
151,1g5y
152,5yxt
153,5t2p
154,1vbf
155,3ni0
156,1aa1
157,5hyl
158,3ibg
159,2qa7
160,7lun
161,6qsb
162,1je0
163,3kbp
164,6qpn
165,1jdu
166,2xi7
167,5hva
168,1qfj
169,3kvu
170,5una
171,7m1y
172,5yuf
173,3jqq
174,4z7y
175,5lxn
176,5lxo
177,3coh
178,4hhy
179,3jqp
180,6g46
181,5uao
182,1rxo
183,5gs5
184,6jp9
185,3kw1
186,5c2i
187,6jrp
188,3pmi
189,6sre
190,1jdt
191,1je1
192,6qpo
193,6fqf
194,3ukm
195,3k53
196,6qsc
197,4k76
198,5mpw
199,2ok7
200,4its
201,4ljq
202,2qc8
203,4pnh
204,6qje
205,2eiu
206,6y32
207,7cjd
208,3zzx
209,7c12
210,7jo7
211,2wzj
212,4je9
213,1kbp
214,7od4
215,3m79
216,2pkr
217,3cm2
218,2ggk
219,3se2
220,1u3a
221,6ecs
222,4mlg
223,4z9v
224,2bvg
225,6uhh
226,4f1l
227,6yjz
228,1upp
229,6v6q
230,4ilt
231,5teb
232,5xsu
233,2hmq
234,3lhf
235,6t6d
236,5oki
237,6j10
238,1jds
239,4r6e
240,8drj
241,1jpv
242,1jp7
243,6a6i
244,7kjy
245,2hwj
246,8ruc
247,4dsy
248,6nju
249,4q2o
250,5w4v
251,3sef
252,6uhk
253,6ku3
254,3q0x
255,6euj
256,7ntm
257,5opw
258,3kx8
259,2z0l
260,7bny
261,3nfl
262,4r4l
263,4ec4
264,6azv
265,7rqg
266,6zfh
267,4l7c
268,7rww
269,4bn2
270,4b8c
271,2qfp
272,6mkb
273,5m4g
274,5mc2
275,3nod
276,6v3n
277,6a35
278,6dy8
279,4w6p
280,1hmo
281,4w7c
282,5l0o
283,4aj8
284,6ifa
285,6bw5
286,1p23
287,3hln
288,2yeu
289,4jcj
290,5gol
291,3dm1
292,3t1i
293,3s7x
294,5whb
295,6gqf
296,3ohv
297,6lyf
298,6wlp
299,5zl1
300,4w60
301,3pgj
302,6a34
303,7kcq
304,7l25
305,1qnw
306,6fym
307,6zgz
308,7rwv
309,2x5d
310,6tik
311,6zgx
312,2v63
313,6ofd
314,7kc2
315,6wle
316,7mbf
317,3mqc
318,7d2h
319,6ija
320,4m0d
321,7ocw
322,6r16
323,7fdl
324,5wha
325,7v8t
326,6b82
327,7qkn
328,3q4u
329,3h91
330,3mqb
331,5wsk
332,4w7a
333,6dyl
334,1a0d
335,3p3f
336,4w6r
337,4uuv
338,6q8z
339,5mc0
340,5clq
341,4yv6
342,6zgy
343,2qij
344,6s5l
345,5mc4
346,4pjt
347,6stu
348,1qot
349,7uh4
350,4fmj
351,6rsq
352,7vze
353,7zmv
354,1g1u
355,6wag
356,5nqe
357,4qu7
358,5whe
359,6rk6
360,1kdd
361,7jsl
362,4c3t
363,3sbb
364,4j4n
365,4do7
366,6waf
367,5l32
368,2gws
369,5ddy
370,6vj7
371,6jno
372,5cy4
373,7pc6
374,3iq5
375,1jn0
376,6z26
377,5f13
378,6zh0
379,2qfb
380,4bw5
381,5to6
382,7kcb
383,6dyk
384,5tbp
385,4fmi
386,1nod
387,6ed7
388,7jsx
389,5ydk
390,4dnq
391,5nfn
392,6wae
393,6nbk
394,5l31
395,4fmh
396,6wnj
397,6dyj
398,1qmi
399,6of5
400,4lzj
401,5to7
402,6vkq
403,6cfn
404,3iq6
405,5v8w
